CHROM	POS	REF	ALT	NMD_Gene_Name	NMD_Gene_ID	NMD_Number_of_Transcripts	NMD_Percent_Transcripts_Affected
17	7565159	A	G	.			
17	7565159	ACCT	A	.			
17	7565166	C	T	.			
17	7565306	G	C	.			
17	7565352	C	A	.			
17	7565368	C	T	.			
17	7565395	C	T	.			
17	7565421	C	T	.			
17	7565569	T	G	.			
17	7565681	A	G	.			
17	7565696	A	C	.			
17	7565734	T	A	.			
17	7565800	T	G	.			
17	7565811	A	G	.			
17	7566068	C	T	.			
17	7566133	A	G	.			
17	7566237	C	T	.			
17	7566258	G	C	.			
17	7566274	T	G	.			
17	7566305	G	C	.			
17	7566326	CT	C	.			
17	7566333	C	T	.			
17	7566335	A	G	.			
17	7566366	C	T	.			
17	7566380	G	A	.			
17	7566428	G	A	.			
17	7566517	T	C	.			
17	7566560	G	A	.			
17	7566630	G	A	.			
17	7566687	T	A	.			
17	7566701	AC	A	.			
17	7566715	G	A	.			
17	7566731	A	C	.			
17	7566781	C	T	.			
17	7566783	G	A	.			
17	7566861	AAAAAG	A	.			
17	7566893	C	T	.			
17	7566896	G	C	.			
17	7566897	A	C	.			
17	7566927	T	A	.			
17	7566954	T	C	.			
17	7566979	A	G	.			
17	7567025	G	A	.			
17	7567048	C	T	.			
17	7567095	C	T	.			
17	7567101	G	A	.			
17	7567127	C	T	.			
17	7567140	C	T	.			
17	7567200	C	A	.			
17	7567207	A	C	.			
17	7567213	G	A	.			
17	7567277	T	C	.			
17	7567440	T	C	.			
17	7567444	G	A	.			
17	7567468	G	A	.			
17	7567512	C	T	.			
17	7567515	C	T	.			
17	7567544	T	A	.			
17	7567658	G	A	.			
17	7567681	C	T	.			
17	7567703	A	G	.			
17	7567721	C	T	.			
17	7567727	A	C	.			
17	7567734	T	A	.			
17	7567737	C	CT	.			
17	7567773	CTCTA	C	.			
17	7567786	C	T	.			
17	7567822	A	T	.			
17	7567826	G	C	.			
17	7567859	G	A	.			
17	7567902	C	CT	.			
17	7567948	T	G	.			
17	7567962	C	T	.			
17	7568027	C	T	.			
17	7568043	C	T	.			
17	7568052	T	C	.			
17	7568055	C	G	.			
17	7568176	G	A	.			
17	7568207	C	A	.			
17	7568212	T	C	.			
17	7568225	A	T	.			
17	7568262	C	T	.			
17	7568309	C	A	.			
17	7568327	C	T	.			
17	7568356	A	G	.			
17	7568357	T	G	.			
17	7568443	G	A	.			
17	7568497	G	A	.			
17	7568569	T	C	.			
17	7568627	C	T	.			
17	7568628	G	A	.			
17	7568643	C	T	.			
17	7568647	A	G	.			
17	7568710	A	C	.			
17	7568712	A	G	.			
17	7568768	T	A	.			
17	7568836	G	A	.			
17	7568885	G	A	.			
17	7568925	C	T	.			
17	7568970	G	A	.			
17	7568978	G	A	.			
17	7569026	A	G	.			
17	7569035	G	C	.			
17	7569092	G	A	.			
17	7569109	C	CA	.			
17	7569146	T	G	.			
17	7569173	C	G	.			
17	7569174	T	G	.			
17	7569239	T	C	.			
17	7569261	T	C	.			
17	7569291	T	G	.			
17	7569350	G	A	.			
17	7569371	A	T	.			
17	7569382	C	T	.			
17	7569398	T	C	.			
17	7569422	G	A	.			
17	7569425	G	C	.			
17	7569446	C	T	.			
17	7569482	G	A	.			
17	7569542	G	A	.			
17	7569546	C	G	.			
17	7569576	T	C	.			
17	7569646	T	C	.			
17	7569663	A	G	.			
17	7569698	A	C	.			
17	7569723	C	T	.			
17	7569739	G	C	.			
17	7569752	T	A	.			
17	7569783	C	T	.			
17	7569784	G	A	.			
17	7569822	G	A	.			
17	7569974	C	T	.			
17	7569981	C	T	.			
17	7570042	C	T	.			
17	7570124	G	A	.			
17	7570134	G	A	.			
17	7570148	A	G	.			
17	7570168	G	A	.			
17	7570189	T	C	.			
17	7570218	A	G	.			
17	7570258	G	A	.			
17	7570316	A	G	.			
17	7570318	G	T	.			
17	7570354	T	G	.			
17	7570372	G	A	.			
17	7570379	C	T	.			
17	7570389	C	G	.			
17	7570422	T	C	.			
17	7570445	C	T	.			
17	7570446	G	A	.			
17	7570487	C	T	.			
17	7570548	G	A	.			
17	7570549	C	A	.			
17	7570578	TA	T	.			
17	7570622	G	C	.			
17	7570680	G	A	.			
17	7570758	A	G	.			
17	7570802	T	G	.			
17	7570823	G	C	.			
17	7570869	T	C	.			
17	7570878	G	A	.			
17	7570929	C	T	.			
17	7570930	A	G	.			
17	7570948	G	A	.			
17	7570956	G	A	.			
17	7570978	T	C	.			
17	7570995	A	G	.			
17	7571024	G	A	.			
17	7571041	C	A,G	.			
17	7571071	T	C	.			
17	7571080	A	G	.			
17	7571099	C	T	.			
17	7571224	C	A	.			
17	7571226	C	A	.			
17	7571259	T	C	.			
17	7571305	A	G	.			
17	7571434	C	G	.			
17	7571452	G	A	.			
17	7571487	A	AGCCGTG	.			
17	7571545	C	T	.			
17	7571546	C	T	.			
17	7571567	C	T	.			
17	7571597	C	T	.			
17	7571603	C	A	.			
17	7571635	A	T	.			
17	7571706	C	G	.			
17	7571752	T	G	.			
17	7571830	A	T	.			
17	7571857	G	A	.			
17	7571864	C	T	.			
17	7571936	C	A	.			
17	7571991	T	C	.			
17	7572041	C	T	.			
17	7572064	G	A	.			
17	7572072	G	A	.			
17	7572101	C	T	.			
17	7572102	G	A	.			
17	7572145	A	G	.			
17	7572154	G	A	.			
17	7572164	A	G	.			
17	7572231	A	G	.			
17	7572314	G	T	.			
17	7572356	AAC	A	.			
17	7572398	C	G	.			
17	7572425	G	A	.			
17	7572442	C	T	.			
17	7572518	G	T	.			
17	7572540	G	T	.			
17	7572570	A	G	.			
17	7572599	C	T	.			
17	7572613	C	T	.			
17	7572722	C	T	.			
17	7572783	C	T	.			
17	7572822	G	A	.			
17	7572893	G	A	.			
17	7573057	G	A	.			
17	7573081	C	G	.			
17	7573096	C	T	.			
17	7573112	C	T	.			
17	7573168	C	T	.			
17	7573208	A	G	.			
17	7573211	C	T	.			
17	7573222	T	C	.			
17	7573229	C	T	.			
17	7573240	C	T	.			
17	7573253	T	C	.			
17	7573281	A	T	.			
17	7573323	A	C	.			
17	7573332	C	A	.			
17	7573379	C	T	.			
17	7573383	C	T	.			
17	7573384	G	A	.			
17	7573449	C	T	.			
17	7573457	G	C	.			
17	7573468	C	T	.			
17	7573496	G	A	.			
17	7573500	G	A	.			
17	7573507	C	T	.			
17	7573517	C	T	.			
17	7573596	A	G	.			
17	7573663	G	C	.			
17	7573688	T	C	.			
17	7573773	G	C	.			
17	7573794	T	C	.			
17	7573867	A	G	.			
17	7573897	T	A	.			
17	7573931	A	C	.			
17	7573948	C	G	.			
17	7573950	T	C	.			
17	7574013	G	C	.			
17	7574029	C	T	.			
17	7574050	G	A	.			
17	7574074	G	A	.			
17	7574115	T	C	.			
17	7574119	T	C	.			
17	7574315	G	C	.			
17	7574421	G	A	.			
17	7574458	G	A	.			
17	7574486	G	A	.			
17	7574494	T	C	.			
17	7574505	G	A	.			
17	7574548	T	C	.			
17	7574583	G	T	.			
17	7574618	G	A	.			
17	7574659	G	A	.			
17	7574677	T	C	.			
17	7574680	C	T	.			
17	7574721	C	T	.			
17	7574775	C	T	.			
17	7574779	C	T	.			
17	7574816	C	T	.			
17	7574864	C	T	.			
17	7574897	C	T	.			
17	7574909	C	T	.			
17	7574929	T	C	.			
17	7574936	C	T	.			
17	7574944	G	A	.			
17	7574953	G	A	.			
17	7574997	C	T	.			
17	7575103	A	G	.			
17	7575118	G	A	.			
17	7575123	A	G	.			
17	7575278	C	T	.			
17	7575321	C	T	.			
17	7575324	C	T	.			
17	7575431	C	T	.			
17	7575450	C	G	.			
17	7575461	G	A	.			
17	7575514	C	T	.			
17	7575564	T	C	.			
17	7575633	A	G	.			
17	7575713	A	T	.			
17	7575733	A	G	.			
17	7575917	G	C	.			
17	7575952	A	G	.			
17	7576111	G	T	.			
17	7576144	G	A	.			
17	7576151	G	A	.			
17	7576221	G	A	.			
17	7576246	G	A	.			
17	7576272	A	T	.			
17	7576276	T	A	.			
17	7576289	A	G	.			
17	7576348	C	T	.			
17	7576349	A	G	.			
17	7576357	C	T	.			
17	7576375	G	A	.			
17	7576392	G	A	.			
17	7576501	G	A	.			
17	7576540	C	T	.			
17	7576543	C	A	.			
17	7576546	G	A	.			
17	7576569	G	A	.			
17	7576609	C	A	.			
17	7576630	A	C	.			
17	7576708	A	G	.			
17	7576712	C	T	.			
17	7576818	C	G	.			
17	7576841	A	G	.			
17	7576911	G	C	.			
17	7576931	G	A	.			
17	7576948	G	A	.			
17	7576975	T	C	.			
17	7576997	G	A	.			
17	7577012	T	G	.			
17	7577035	T	C	.			
17	7577046	C	T	.			
17	7577069	C	T	.			
17	7577120	C	T	.			
17	7577151	T	C	.			
17	7577231	C	T	.			
17	7577367	C	T	.			
17	7577369	C	G	.			
17	7577370	C	T	.			
17	7577374	G	A	.			
17	7577407	A	C	.			
17	7577427	G	A	.			
17	7577467	G	A	.			
17	7577478	G	C	.			
17	7577482	G	A	.			
17	7577489	G	A	.			
17	7577627	C	T	.			
17	7577644	C	G	.			
17	7577645	G	A	.			
17	7577659	T	C	.			
17	7577667	G	A	.			
17	7577671	G	A	.			
17	7577672	G	A	.			
17	7577708	G	A	.			
17	7577709	C	T	.			
17	7577715	C	T	.			
17	7577765	C	G	.			
17	7577777	C	T	.			
17	7577843	A	AT	.			
17	7577870	C	T	.			
17	7577957	C	A	.			
17	7577970	G	A	.			
17	7577982	AG	A	.			
17	7578058	C	T	.			
17	7578072	G	A	.			
17	7578115	T	C	.			
17	7578116	G	A	.			
17	7578129	C	T	.			
17	7578146	T	C	.			
17	7578147	C	T	.			
17	7578159	C	G	.			
17	7578162	A	G	.			
17	7578191	A	G	.			
17	7578201	C	G	.			
17	7578210	T	C	.			
17	7578297	C	G	.			
17	7578351	C	T	.			
17	7578368	C	A	.			
17	7578407	G	A	.			
17	7578456	G	A	.			
17	7578471	G	A	.			
17	7578623	C	T	.			
17	7578640	A	G	.			
17	7578645	C	T	.			
17	7578655	T	A	.			
17	7578671	C	T	.			
17	7578679	A	G	.			
17	7578715	T	C	.			
17	7578743	GCT	G	.			
17	7578772	T	G	.			
17	7578793	C	T	.			
17	7578822	C	T	.			
17	7578837	A	G	.			
17	7578874	G	T	.			
17	7578887	A	AT	.			
17	7578957	G	A	.			
17	7579008	G	A	.			
17	7579081	A	G	.			
17	7579126	C	T	.			
17	7579271	C	T	.			
17	7579358	C	T	.			
17	7579368	A	G	.			
17	7579439	G	A	.			
17	7579471	G	A	.			
17	7579472	G	C	.			
17	7579519	T	C	.			
17	7579546	C	T	.			
17	7579548	G	A	.			
17	7579579	C	T	.			
17	7579596	G	A	.			
17	7579618	A	T	.			
17	7579619	G	T	.			
17	7579642	C	T	.			
17	7579643	CCCCCAGCCCTCCAGGT	C	.			
17	7579685	A	G	.			
17	7579705	C	T	.			
17	7579761	C	T	.			
17	7579762	G	A	.			
17	7579794	T	A	.			
17	7579801	G	C	.			
17	7579825	A	G	.			
17	7579850	G	A	.			
17	7579882	C	G	.			
17	7579883	G	A	.			
17	7579885	C	T	.			
17	7580027	C	T	.			
17	7580052	C	T	.			
17	7580068	A	C	.			
17	7580117	C	G	.			
17	7580163	G	C	.			
17	7580256	AT	A	.			
17	7580281	G	A	.			
17	7580342	C	T	.			
17	7580347	C	T	.			
17	7580421	A	AT	.			
17	7580436	G	A	.			
17	7580500	C	T	.			
17	7580598	C	T	.			
17	7580651	C	T	.			
17	7580677	C	T	.			
17	7580696	A	G	.			
17	7580709	C	T	.			
17	7580820	C	T	.			
17	7580827	G	A	.			
17	7580863	A	G	.			
17	7580941	C	T	.			
17	7581002	T	A	.			
17	7581042	A	G	.			
17	7581119	A	C	.			
17	7581124	A	G	.			
17	7581162	C	T	.			
17	7581178	G	A	.			
17	7581182	C	T	.			
17	7581227	C	T	.			
17	7581228	G	A	.			
17	7581262	C	A	.			
17	7581271	C	T	.			
17	7581275	T	C	.			
17	7581348	T	C	.			
17	7581357	A	G	.			
17	7581359	T	G	.			
17	7581363	A	G	.			
17	7581395	G	A	.			
17	7581427	C	G	.			
17	7581495	G	A	.			
17	7581536	C	T	.			
17	7581565	A	G	.			
17	7581583	G	A	.			
17	7581682	G	A	.			
17	7581701	T	C	.			
17	7581710	C	T	.			
17	7581766	TTTTC	T	.			
17	7581769	TC	T	.			
17	7581803	C	T	.			
17	7581815	G	A	.			
17	7581873	C	A	.			
17	7581874	G	A	.			
17	7581885	C	G	.			
17	7581911	C	T	.			
17	7581918	C	T	.			
17	7582000	G	A	.			
17	7582019	G	A	.			
17	7582067	C	T	.			
17	7582068	G	A	.			
17	7582069	G	A	.			
17	7582208	A	G	.			
17	7582240	GTTTT	G	.			
17	7582304	C	T	.			
17	7582477	C	T	.			
17	7582478	G	A	.			
17	7582606	TTTTTA	T	.			
17	7582648	T	C	.			
17	7582665	G	A	.			
17	7582719	C	CCTT	.			
17	7582823	G	C	.			
17	7582859	G	A	.			
17	7582874	A	AC,G	.			
17	7582906	C	T	.			
17	7582910	C	T	.			
17	7582922	A	C	.			
17	7582934	C	T	.			
17	7582985	C	T	.			
17	7583013	C	G	.			
17	7583030	A	G	.			
17	7583072	A	G	.			
17	7583083	G	A	.			
17	7583099	T	C	.			
17	7583109	A	T	.			
17	7583120	G	C	.			
17	7583163	G	A	.			
17	7583186	G	A	.			
17	7583194	T	C	.			
17	7583198	A	G	.			
17	7583222	C	G	.			
17	7583227	G	A	.			
17	7583265	G	A	.			
17	7583274	A	G	.			
17	7583433	C	A	.			
17	7583470	T	C	.			
17	7583528	T	TACA	.			
17	7583586	T	A	.			
17	7583587	G	A	.			
17	7583622	G	C	.			
17	7583703	C	T	.			
17	7583725	T	G	.			
17	7583746	C	G	.			
17	7583748	G	A	.			
17	7583777	T	C	.			
17	7583799	G	C	.			
17	7583814	C	CT	.			
17	7583845	C	CT	.			
17	7583863	G	A	.			
17	7583885	C	T	.			
17	7583889	G	A	.			
17	7583897	C	T	.			
17	7583903	C	G	.			
17	7584032	G	A	.			
17	7584080	C	T	.			
17	7584094	C	T	.			
17	7584118	C	T	.			
17	7584119	G	A	.			
17	7584138	C	G	.			
17	7584197	A	G	.			
17	7584203	G	A	.			
17	7584266	G	A	.			
17	7584274	G	A	.			
17	7584343	A	G	.			
17	7584351	G	A	.			
17	7584355	C	T	.			
17	7584400	T	C	.			
17	7584488	CT	C	.			
17	7584515	A	G	.			
17	7584599	C	T	.			
17	7584717	A	C	.			
17	7584811	G	A	.			
17	7584872	T	C	.			
17	7585055	CCT	C	.			
17	7585108	TTC	T	.			
17	7585116	C	CT	.			
17	7585207	G	A	.			
17	7585236	C	T	.			
17	7585362	C	T	.			
17	7585389	G	C	.			
17	7585449	T	C	.			
17	7585532	T	C	.			
17	7585534	T	C	.			
17	7585556	G	T	.			
17	7585572	C	T	.			
17	7585590	C	T	.			
17	7585632	A	G	.			
17	7585642	C	G	.			
17	7585650	C	A	.			
17	7585652	C	G	.			
17	7585693	A	C	.			
17	7585724	G	A	.			
17	7585759	T	A	.			
17	7585855	G	A	.			
17	7586037	T	C	.			
17	7586046	A	C	.			
17	7586058	T	A	.			
17	7586061	T	C	.			
17	7586063	T	C	.			
17	7586079	C	A	.			
17	7586080	A	G	.			
17	7586209	G	A	.			
17	7586255	T	C	.			
17	7586258	T	A	.			
17	7586346	C	A	.			
17	7586358	C	T	.			
17	7586359	G	A	.			
17	7586368	G	GC	.			
17	7586380	C	T	.			
17	7586381	G	C	.			
17	7586387	C	G	.			
17	7586471	G	A	.			
17	7586476	G	A	.			
17	7586512	C	T	.			
17	7586529	G	A	.			
17	7586588	G	A	.			
17	7586650	G	A	.			
17	7586687	T	C	.			
17	7586706	G	A	.			
17	7586739	G	A	.			
17	7586789	A	G	.			
17	7586794	C	T	.			
17	7586799	C	T	.			
17	7586814	T	C	.			
17	7586893	T	C	.			
17	7586973	G	C	.			
17	7587081	G	A	.			
17	7587098	C	T	.			
17	7587118	T	C	.			
17	7587180	T	C	.			
17	7587200	T	C	.			
17	7587229	C	T	.			
17	7587249	C	T	.			
17	7587250	G	T	.			
17	7587320	C	T	.			
17	7587343	C	T	.			
17	7587357	T	C	.			
17	7587384	C	T	.			
17	7587409	G	T	.			
17	7587436	G	A	.			
17	7587467	A	C	.			
17	7587474	T	C	.			
17	7587482	C	T	.			
17	7587611	G	C	.			
17	7587687	A	G	.			
17	7587733	T	C	.			
17	7587760	C	G	.			
17	7587838	G	A	.			
17	7587899	T	C	.			
17	7587932	C	G	.			
17	7587976	T	C	.			
17	7588006	A	C	.			
17	7588031	C	G	.			
17	7588068	C	T	.			
17	7588112	G	A	.			
17	7588114	A	G	.			
17	7588193	C	A	.			
17	7588259	C	G	.			
17	7588344	T	C	.			
17	7588470	A	T	.			
17	7588520	C	T	.			
17	7588560	A	G	.			
17	7588666	T	G	.			
17	7588679	GC	G	.			
17	7588712	T	C	.			
17	7588724	T	C	.			
17	7588730	G	C	.			
17	7588750	G	T	.			
17	7588761	G	T	.			
17	7588775	T	C	.			
17	7588777	T	TG	.			
17	7588781	T	C	.			
17	7588818	T	C	.			
17	7588897	C	T	.			
17	7588956	G	A	.			
17	7589047	G	T	.			
17	7589060	C	A	.			
17	7589188	T	C	.			
17	7589224	T	G	.			
17	7589262	A	C	.			
17	7589311	G	C	.			
17	7589346	G	C	.			
17	7589377	C	G	.			
17	7589389	T	A	.			
17	7589404	C	T	.			
17	7589414	G	T	.			
17	7589454	C	T	.			
17	7589490	A	T	.			
17	7589504	T	C	.			
17	7589512	T	C	.			
17	7589519	G	A	.			
17	7589587	C	T	.			
17	7589611	C	G	.			
17	7589691	C	T	.			
17	7589702	C	T	.			
17	7589705	C	T	.			
17	7589747	C	A	.			
17	7589770	C	T	.			
17	7589771	A	C	.			
17	7589830	A	G	.			
17	7589841	A	T	.			
17	7589845	A	T	.			
17	7589846	G	T	.			
17	7589848	A	C	.			
17	7589896	G	A	.			
17	7589984	C	T	.			
17	7590057	G	A	.			
17	7590073	C	G	.			
17	7590124	A	G	.			
17	7590147	A	C	.			
17	7590152	G	C	.			
17	7590183	A	T	.			
17	7590269	T	C	.			
17	7590374	T	C	.			
17	7590410	G	A	.			
17	7590459	A	G	.			
17	7590468	A	C	.			
17	7590510	C	T	.			
17	7590512	G	C	.			
17	7590547	C	T	.			
17	7590602	C	A	.			
17	7590714	C	T	.			
